{
  "name": "README",
  "state": "trash",
  "created": "2014-03-23T01:54:35.319Z",
  "sources": [
    {}
  ],
  "profiles": {
    "dataexplorer": "0.9"
  },
  "scripts": [
    {
      "id": "main.js",
      "path": "main.js"
    }
  ],
  "views": [
    {
      "id": "grid",
      "label": "Grid",
      "type": "SlickGrid",
      "state": {
        "gridOptions": {
          "editable": true,
          "enabledAddRow": true,
          "enabledDelRow": true,
          "autoEdit": false,
          "enableCellNavigation": true
        }
      },
      "queryState": {
        "size": 132,
        "from": 0,
        "q": "",
        "facets": {},
        "filters": []
      }
    },
    {
      "id": "graph",
      "label": "Graph",
      "type": "Graph",
      "queryState": {
        "size": 132,
        "from": 0,
        "q": "",
        "facets": {},
        "filters": []
      },
      "state": {
        "group": "Spyder - Scientific PYthon Development EnviRonment",
        "series": [
          "Spyder - Scientific PYthon Development EnviRonment"
        ],
        "graphType": "lines-and-points"
      }
    },
    {
      "id": "map",
      "label": "Map",
      "type": "Map",
      "queryState": {
        "size": 132,
        "from": 0,
        "q": "",
        "facets": {},
        "filters": []
      }
    }
  ],
  "id": "dataexplorer-248365",
  "username": "njss",
  "resources": [
    {
      "backend": "csv",
      "id": "README",
      "filename": "README",
      "path": "current.csv",
      "schema": {
        "fields": [
          {
            "id": "Spyder - Scientific PYthon Development EnviRonment",
            "label": "Spyder - Scientific PYthon Development EnviRonment",
            "type": "string",
            "format": null,
            "is_derived": false
          }
        ]
      }
    },
    {
      "backend": "csv",
      "id": "README-original",
      "filename": "README",
      "path": "original.csv",
      "schema": {
        "fields": [
          {
            "id": "Spyder - Scientific PYthon Development EnviRonment",
            "label": "Spyder - Scientific PYthon Development EnviRonment",
            "type": "string",
            "format": null,
            "is_derived": false
          }
        ]
      },
      "fields": []
    }
  ]
}